{
  "project_info": {
    "project_number": "142850697096",
    "firebase_url": "https://databasefirebase-4e36d.firebaseio.com",
    "project_id": "databasefirebase-4e36d",
    "storage_bucket": "databasefirebase-4e36d.appspot.com"
  },
  "client": [
    {
      "client_info": {
        "mobilesdk_app_id": "1:142850697096:android:11ad9d63ce8cb667",
        "android_client_info": {
          "package_name": "com.example.databasefirebase"
        }
      },
      "oauth_client": [
        {
          "client_id": "142850697096-5bjagg9ekufrtqfgm2p2pb4ni0fnq0et.apps.googleusercontent.com",
          "client_type": 1,
          "android_info": {
            "package_name": "com.example.databasefirebase",
            "certificate_hash": "48cf8580ddce8ddf99cd28194870a4b91d584ac7"
          }
        },
        {
          "client_id": "142850697096-1vqnu57ccrc9cds0opdopee9mfe3jvad.apps.googleusercontent.com",
          "client_type": 3
        }
      ],
      "api_key": [
        {
          "current_key": "AIzaSyBEGmMKbjd9HIrWteIsjZqkiXtrRA0xs1g"
        }
      ],
      "services": {
        "analytics_service": {
          "status": 1
        },
        "appinvite_service": {
          "status": 2,
          "other_platform_oauth_client": [
            {
              "client_id": "142850697096-1vqnu57ccrc9cds0opdopee9mfe3jvad.apps.googleusercontent.com",
              "client_type": 3
            }
          ]
        },
        "ads_service": {
          "status": 2
        }
      }
    }
  ],
  "configuration_version": "1"
}